{
  "PathsHorizontal": [
    {
      "ID": 1,
      "x": 33,
      "y": 65,
      "w": 368,
      "h": 0
    },
    {
      "ID": 2,
      "x": 33,
      "y": 129,
      "w": 48,
      "h": 0
    },
    {
      "ID": 3,
      "x": 33,
      "y": 209,
      "w": 368,
      "h": 0
    },
    {
      "ID": 4,
      "x": 33,
      "y": 305,
      "w": 320,
      "h": 0
    },
    {
      "ID": 5,
      "x": 33,
      "y": 401,
      "w": 368,
      "h": 0
    },
    {
      "ID": 6,
      "x": 33,
      "y": 449,
      "w": 416,
      "h": 0
    },
    {
      "ID": 7,
      "x": 81,
      "y": 113,
      "w": 48,
      "h": 0
    },
    {
      "ID": 8,
      "x": 81,
      "y": 161,
      "w": 272,
      "h": 0
    },
    {
      "ID": 9,
      "x": 81,
      "y": 257,
      "w": 48,
      "h": 0
    },
    {
      "ID": 10,
      "x": 81,
      "y": 353,
      "w": 368,
      "h": 0
    },
    {
      "ID": 11,
      "x": 177,
      "y": 113,
      "w": 272,
      "h": 0
    },
    {
      "ID": 12,
      "x": 353,
      "y": 257,
      "w": 96,
      "h": 0
    },
    {
      "ID": 13,
      "x": 401,
      "y": 131,
      "w": 48,
      "h": 0
    },
    {
      "ID": 14,
      "x": 401,
      "y": 305,
      "w": 48,
      "h": 0
    }

  ],
  "PathsVertical": [
    {
      "ID": 1,
      "x": 33,
      "y": 65,
      "w": 0,
      "h": 336
    },
    {
      "ID": 2,
      "x": 81,
      "y": 65,
      "w": 0,
      "h": 240
    },
    {
      "ID": 3,
      "x": 81,
      "y": 353,
      "w": 0,
      "h": 96
    },
    {
      "ID": 4,
      "x": 129,
      "y": 113,
      "w": 0,
      "h": 288
    },
    {
      "ID": 5,
      "x": 161,
      "y": 401,
      "w": 0,
      "h": 48
    },
    {
      "ID": 6,
      "x": 177,
      "y": 65,
      "w": 0,
      "h": 288
    },
    {
      "ID": 7,
      "x": 225,
      "y": 65,
      "w": 0,
      "h": 144
    },
    {
      "ID": 8,
      "x": 225,
      "y": 305,
      "w": 0,
      "h": 144
    },
    {
      "ID": 10,
      "x": 273,
      "y": 65,
      "w": 0,
      "h": 48
    },
    {
      "ID": 11,
      "x": 305,
      "y": 113,
      "w": 0,
      "h": 336
    },
    {
      "ID": 12,
      "x": 353,
      "y": 113,
      "w": 0,
      "h": 48
    },
    {
      "ID": 13,
      "x": 353,
      "y": 209,
      "w": 0,
      "h": 96
    },
    {
      "ID": 14,
      "x": 353,
      "y": 353,
      "w": 0,
      "h": 48
    },
    {
      "ID": 15,
      "x": 401,
      "y": 65,
      "w": 0,
      "h": 336
    },
    {
      "ID": 16,
      "x": 449,
      "y": 65,
      "w": 0,
      "h": 384
    }
  ],
  //doorsnede 16,48,448,416
  "Walls": [
    { //muur links
      "ID": 1,
      "x": 0,
      "y": 32,
      "w": 16,
      "h": 448
    },
    { // muur rechts
      "ID": 2,
      "x": 464,
      "y": 44,
      "w": 16,
      "h": 448
    },
    { // muur top
      "ID": 3,
      "x": 0,
      "y": 32,
      "w": 480,
      "h": 16
    },
    { // muur bottom
      "ID": 4,
      "x": 0,
      "y": 464,
      "w": 480,
      "h": 16
    }

  ],
  

  "PlayerStartPos": {
    "x": 177,
    "y": 256
  },
  "EnemyStartPos": {
    "x": 449,
    "y": 449
  }
}
